element_type,osmid,addr:housenumber,addr:postcode,addr:street,alt_name,amenity,denomination,name,opening_hours,religion,wheelchair,geometry,addr:city,addr:country,image,operator,phone,toilets:wheelchair,website,wheelchair:description,club,contact:email,contact:fax,contact:phone,contact:website,description,source,email,community_centre,community_centre:for,operator:type,barrier,description:de,internet_access,lgbtq,air_conditioning,check_date,gay,gay:men,gay:transgender,gay:women,level,max_age,min_age,owner,short_name,toilets,toilets:access,toilets:unisex,check_date:opening_hours,name:it,note,access,sport,addr:room,cuisine,outdoor_seating,smoking,changing_table,changing_table:fee,children,disused:contact:website,opening_hours:signed,provides,wikidata,wikipedia,name:de,name:en,name:es,fixme,office,lgbtq:women,capacity,url,name:ru,mobile,tourism,contact:mobile,old_name,check_date:currency:XBT,contact:twitter,currency:XBT,payment:lightning,payment:lightning_contactless,payment:onchain,nodes,building,official_name,building:levels,roof:shape,height,roof:colour,fax,operator:wikidata,start_date,historic,building:colour,building:architecture,heritage,heritage:operator,heritage:ref,roof:orientation,contact:email_1,name_1,emergency,community_center:for,operator:short,addr:housename,wikimedia_commons,roof:levels,roof:height,opening_hours:office,brewery,layer,landuse,place,building:levels:underground,dogs,est_height,opening_date,ways,type
node,329117976,32,80333,Karlstraße,KHG TUM,community_centre,catholic,Katholische Hochschulgemeinde an der TU München,Mo-Fr 09:00-19:00,christian,yes,POINT (11.5647167 48.1437264),,,,,,,,,,,,,,,,,,,,,,,,,,,,,,,,,,,,,,,,,,,,,,,,,,,,,,,,,,,,,,,,,,,,,,,,,,,,,,,,,,,,,,,,,,,,,,,,,,,,,,,,,,,,,,
node,606537008,9,80797,Rosa-Aschenbrenner-Bogen,,community_centre,,Ackermannbogen e.V.,,,yes,POINT (11.5585448 48.1648541),München,DE,,Ackermannbogen e.V.,,,,,yes,info@ackermannbogen-ev.de,+49 89 3074 9636,+49 89 3074 9634,https://ackermannbogen-ev.de/,Nachbarschafts Treff,survey by BenE München,,,,,,,,,,,,,,,,,,,,,,,,,,,,,,,,,,,,,,,,,,,,,,,,,,,,,,,,,,,,,,,,,,,,,,,,,,,,,,,,,,,,,,,,,,,,,,,
node,606545913,,,,,community_centre,,BewohnerTreff EKS 15,,,,POINT (11.5552564 48.1652034),,,,Ackermannbogen e.V.,,,https://ackermannbogen-ev.de/gemeinschaftsraeume/eks-15/,,,,,,,,,nachbarschaftsboerse@ackermannbogen-ev.de,,,,,,,,,,,,,,,,,,,,,,,,,,,,,,,,,,,,,,,,,,,,,,,,,,,,,,,,,,,,,,,,,,,,,,,,,,,,,,,,,,,,,,,,,,,,,,
node,606547910,,,,,community_centre,,Gemeinschaftsraum Olymp,,,limited,POINT (11.5548918 48.1662549),,,,Ackermannbogen e.V.,,,,,,,,,,,,,,,,,,,,,,,,,,,,,,,,,,,,,,,,,,,,,,,,,,,,,,,,,,,,,,,,,,,,,,,,,,,,,,,,,,,,,,,,,,,,,,,,,,,,,,,,,,
node,618197837,22,80336,Paul-Heyse-Straße,,community_centre,,Kreisjugendring München-Stadt,,,,POINT (11.5555961 48.1364903),München,DE,,Kreisjugendring München-Stadt (KJR),,,https://www.kjr-m.de/,,,,,,,"Im Kreisjugendring München-Stadt sind über 70 Jugendorganisationen und Verbänden  zusammengeschlossen. Er ist Träger von über 50 Einrichtungen der offenen Kinder und Jugendarbeit. Er ist eine Gliederung des Bayerischen Jugendrings, K.d.ö.R.",,,social_centre,juvenile,public,,,,,,,,,,,,,,,,,,,,,,,,,,,,,,,,,,,,,,,,,,,,,,,,,,,,,,,,,,,,,,,,,,,,,,,,,,,,,,,,,,,,,,,,,,,
node,884824443,14,80469,Müllerstraße,,community_centre,,SuB e.V. Schwules Kommunikations- und Kulturzentrum,Mo-Th 19:00-23:00; Sa 20:00-24:00; Fr 19:00-00:00; Su 19:00-23:00,,yes,POINT (11.5734489 48.1325626),München,DE,,Christian Schultze,,yes,,,,beratung@subonline.org,,+49 89 260 250 70,https://subonline.org/,,,,,lgbtq,,,Schwules Kommunikations- und Kulturzentrum München e.V.,wlan,primary,,,,,,,,,,,,,,,,,,,,,,,,,,,,,,,,,,,,,,,,,,,,,,,,,,,,,,,,,,,,,,,,,,,,,,,,,,,,,,,,,,,,,,,
node,886654606,11,80331,Blumenstraße,,community_centre,,diversity Jugendzentrum,,,no,POINT (11.5734035 48.1331694),München,DE,,LesBiSchwule und Trans* Jugendorganisation München,,no,https://diversity-muenchen.de/de/,,,info@diversity-muenchen.de,+49 89 55266987,+49 89 55266986,,,,,,lgbtq,community,,,,primary,no,2021-10-30,yes,yes,yes,yes,1,27,14,diversity München e.V.,diversity,yes,yes,yes,,,,,,,,,,,,,,,,,,,,,,,,,,,,,,,,,,,,,,,,,,,,,,,,,,,,,,,,,,,,,,,,,,,,,,,,,
node,1148216558,,,,,community_centre,,Jugendhaus Schwabing,,,,POINT (11.5798016 48.1771328),,,,,,,,,,,,,,,,,,juvenile,,,,,,,,,,,,,,,,,,,,,,,,,,,,,,,,,,,,,,,,,,,,,,,,,,,,,,,,,,,,,,,,,,,,,,,,,,,,,,,,,,,,,,,,,,,,
node,1349896833,,,,,community_centre,,Pfarrsaal St. Johann Baptist,,,,POINT (11.5998793 48.1339001),,,,,,,https://www.pfarrverband-haidhausen.de/index.php?id=23,,,,,,,,,,,,,,,,,,,,,,,,,,,,,,,,,,,,,,,,,,,,,,,,,,,,,,,,,,,,,,,,,,,,,,,,,,,,,,,,,,,,,,,,,,,,,,,,,,,,,,,
node,1680077922,,,,,community_centre,,Mädchen an den Ball,,,,POINT (11.5409829 48.1591586),,,,,,,,,,,,,,,,,youth_centre,,,,,,,,,,,,,,,,,,,,,,,,,,,,,,,,,,,,,,,,,,,,,,,,,,,,,,,,,,,,,,,,,,,,,,,,,,,,,,,,,,,,,,,,,,,,,
node,1719688142,10,80807,Lilly-Reich-Straße,,community_centre,,Nachbarschaftstreff,Mo 15:00-18:00; Tu 10:00-13:00,,,POINT (11.5903589 48.1795054),München,DE,,,+49 89 52031977,,https://www.nt-parkstadtschwabing.de/,,,,,,,,,,,,,,,,,,,,,,,,,,,,,,,,,,,,,,,,,,,,,,,,,,,,,,,,,,,,,,,,,,,,,,,,,,,,,,,,,,,,,,,,,,,,,,,,,,,,,,,
node,1741354256,65b,81476,Forstenrieder Allee,,community_centre,,treff und tee,"Mo,We 09:00-12:00; Fr 09:00-11:00",,,POINT (11.4981975 48.0938634),München,DE,,,,,,,,,,,,,,,,,,,,,,,,,,,,,,,,,,,,2023-06-07,,,,,,,,,,,,,,,,,,,,,,,,,,,,,,,,,,,,,,,,,,,,,,,,,,,,,,,,,,,,,,,,,,,,,,,,
node,1915897276,16,80797,Theo-Prosel-Weg,,community_centre,,CVJM Jugendzentrum Schwabing-West,,,no,POINT (11.5596265 48.1600064),,,,,,,,,,,,,,,,,,juvenile,,,,,,,,,,,,,,,,,,,,,,,,,,,,,,,,,,,,,,,,,,,,,,,,,,,,,,,,,,,,,,,,,,,,,,,,,,,,,,,,,,,,,,,,,,,,
node,2260486688,,,,,community_centre,,Italienisches Kulturinstitut,,,,POINT (11.5532556 48.1284028),,,,Società Dante Alighieri,,,https://jiz-muenchen.de/de/adressen/italienisches-kulturinstitut-muenchen-77303876/,,,,,,,,,,,,,,,,,,,,,,,,,,,,,,,,Istituto Italiano di Cultura,,,,,,,,,,,,,,,,,,,,,,,,,,,,,,,,,,,,,,,,,,,,,,,,,,,,,,,,,,,,,,,,,,,,,,,
node,2518356304,,,,,community_centre,,Ignatiushaus (Jesuiten),,,,POINT (11.5899542 48.1585506),,,,,,,,,,,,,,,,,,,,,,,,,,,,,,,,,,,,,,,,,,,,,,,,,,,,,,,,,,,,,,,,,,,,,,,,,,,,,,,,,,,,,,,,,,,,,,,,,,,,,,,,,,,,,,
node,3205475161,25,80939,Werner-Heisenberg-Allee,,community_centre,,Rollwagerl-SHOP in der Allianz Arena,,,yes,POINT (11.6234525 48.2184684),München,,,,+49 89 5234388,yes,https://rollwagerl.de/service/shop/,,,,,,,,,,,,,,,,,,,,,,,,,,,,,,,,,,,,,,,,,,,,,,,,,,,,,,,,,,,,,,,,,,,,,,,,,,,,,,,,,,,,,,,,,,,,,,,,,,,,,,,
node,3360336095,26,80331,Sonnenstraße,,community_centre,,ISARPOST Eventlocation,,,no,POINT (11.5650226 48.1350322),München,DE,,,+49 89 1499037880,,https://isarpost-eventlocation.de/,,,,,,,,,info@isarpost-eventlocation.de,,,,,,,,,,,,,,,,,,,,,,,,,,,,,,,,,,,,,,,,,,,,,,,,,,,,,,,,,,,,,,,,,,,,,,,,,,,,,,,,,,,,,,,,,,,,,,
node,3425210763,121,80797,Heßstraße,,community_centre,,FC Anadolu Bayern,,,yes,POINT (11.5539933 48.1567006),München,,,FC Anadolu Bayern,,,http://www.fc-anadolu.com/,,sport,,,,,,,,,,,,,,,,,,,,,,,,,,,,,,,,,basketball;soccer;darts,,,,,,,,,,,,,,,,,,,,,,,,,,,,,,,,,,,,,,,,,,,,,,,,,,,,,,,,,,,,,,,,,,,,
node,3430065107,39,80333,Theresienstraße,Cafe Gumbel,community_centre,,Café Gumbel,Mo-Fr 06:30-22:00; Sa-Su 08:00-18:00,,yes,POINT (11.5731407 48.1477608),München,,,Gruppe Aktiver Fachschaftika (GAF),,,,,,gumbel@fs.lmu.de,+49 89 2180 99 4382,+49 89 2180 4382,https://gaf.fs.lmu.de/studentenleben/gumbel-studierendencafe,studentischer Aufenthaltsraum mit Kaffeeautomaten,,,,student,university,,,wlan,,,,,,,,,,,,,,,,,,,,,B 029,coffee_shop,no,outside,,,,,,,,,,,,,,,,,,,,,,,,,,,,,,,,,,,,,,,,,,,,,,,,,,,,,,,,,,,,,,,,
node,3508583893,35,81379,Emil-Geis-Straße,,community_centre,,ASZ Thalkirchen,"Tu-Fr 09:00-12:30, Mo-Th 14:00-16:00",,,POINT (11.544504 48.101082),München,,,Bayerisches Rotes Kreuz,,,,,,,,,,,,,,,,,,wlan,,,,,,,,,,,,,,,,2022-04-11,,,,,,,,,,,,,,,,,,,,,,,,,,,,,,,,,,,,,,,,,,,,,,,,,,,,,,,,,,,,,,,,,,,,,,,,
node,3632882353,5,81667,Rosenheimer Straße,,community_centre,,"PiXEL - Raum für Medien, Kultur und Partizipation","""Bei Veranstaltungen""",,yes,POINT (11.5916855 48.130958),München,,,Interaktiv - Münchner Netzwerk Medienkompetenz,,no,,,,pixel@jff.de,,+49 89 126653-0,https://www.pixel-muc.de/,,,,,,,,,,,,,,,,,,,,,,,,,,,,,,,,,outside,,,,,,,,,,,,,,,,,,,,,,,,,,,,,,,,,,,,,,,,,,,,,,,,,,,,,,,,,,,,,,,,
node,3686819298,102,80337,Thalkirchner Straße,,community_centre,,Kafe Marat,"""Auf der Website kafemarat.net stehen Termine""",,no,POINT (11.5603815 48.1239256),München,DE,,,,limited,https://kafemarat.net/,,,,,,,,,kontakt@kafemarat.net,cultural_centre,,,,,wlan,,,,,,,,,,,,,yes,permissive,,,,,,,,,,,no,no,,,,,,,,,,,,,,,,,,,,,,,,,,,,,,,,,,,,,,,,,,,,,,,,,,,,,,,,,,,,,,
node,3927417786,,,,,community_centre,,Stadtteilladen Giesing,"Mo,Fr-Su off; Tu 09:00-14:00; We 13:00-18:00; Th 10:00-15:00",,yes,POINT (11.5776532 48.1132304),,,,,+49 89 46134999,no,https://www.stadtteilladen-giesing.de/,,,,,,,,,,,,,,,,,,2023-05-07,,,,,,,,,,,,,,,,,,,,,,,,,,,,,,,,,,,,,,,,,,,,,,,,,,,,,,,,,,,,,,,,,,,,,,,,,,,,,,,,,,,,,
node,3929291578,37,80636,Albrechtstraße,,community_centre,,Spiellandschaft Stadt - Kinderinformationsladen,"Tu-Th 13:00-17:00; Mo,Fr-Su,PH off",,,POINT (11.5415177 48.1536129),München,DE,,Spiellandschaft Stadt e.V.,,,,,cultural,,+49 89 12799668,+49 89 183335,http://www.kids.muc.kobis.de/,,,,youth_centre,child,,,,,,,,,,,,,,,,,,,,,,,,,,,,,,,designated,,,,,,,,,,,,,,,,,,,,,,,,,,,,,,,,,,,,,,,,,,,,,,,,,,,,,,,,,,,,,
node,3929291580,1,,Adolf-Kolping-Straße,,community_centre,roman_catholic,Kolpinghaus München-Zentral GmbH,,christian,no,POINT (11.5642453 48.1379649),München,DE,,,,,,,,,+49 895 51 58160,+49 8955158116,https://www.kolpinghaus-muenchen-zentral.de/de/,,,,,,,,,,,,,,,,,,,,,,,,,,,,,,,,,,,,,,,,,,,,,,,,,,,,,,,,,,,,,,,,,,,,,,,,,,,,,,,,,,,,,,,,,,,,,,,,,
node,3929291584,2,,Hebenstreitstraße,,community_centre,,Familienbaum München,,,no,POINT (11.5763477 48.118268),München,,,,,,,,,,,,,,,,,,,,,,,,,,,,,,,,,,,,,2022-12-06,,,,,,,,,,,,http://www.familienbaum-muenchen.de,no,culture,,,,,,,,,,,,,,,,,,,,,,,,,,,,,,,,,,,,,,,,,,,,,,,,,,,,,,,,,,
node,3929291601,46,81673,Isareckstraße,,community_centre,,Nachbarschaftstreff am Isareck,Mo 13:00-15:00; Fr 10:00-11:00,,,POINT (11.6197883 48.1280258),München,DE,,,,,,,,,,,,Veranstaltet Repaircafes; Öffnungszeiten für die Sprechstunde (Stand 09.09.2020),survey by BenE München,,,,,,,,,,,,,,,,,,,,,,,,,,,,,,,,,,,,,objects_of_utility,,,,,,,,,,,,,,,,,,,,,,,,,,,,,,,,,,,,,,,,,,,,,,,,,,,,,,,,,,
node,3929292563,12,81737,Adenauerring,,community_centre,,Zusammen aktiv in Neuperlach,,,,POINT (11.6386098 48.1034781),München,DE,,Verein für Gemeinwesenarbeit ZAK-Stadtteilbüro,,,,,yes,info@zak-neuperlach.de,,+49 896709840,https://www.zak-neuperlach.de,,,,,,,,,,,,,,,,,,,,,,,,,,,,,,,,,,,,,,,,,,,,,,,,,,,,,,,,,,,,,,,,,,,,,,,,,,,,,,,,,,,,,,,,,,,,,,,,,
node,3983672473,55a,,Gabelsbergerstraße,,community_centre,,Alten- und Service-Zentrum Maxvorstadt,Mo-Th 09:00-16:00; Fr 09:00-12:00,,,POINT (11.5655459 48.1481879),,,,BRK Kreisverband München,,,https://www.brk-muenchen.de/angebote/alltagshilfen/alten-und-service-zentren/asz-maxvorstadt/,,,,,+49 89 41118440,,,,,,senior,,,,,,,,,,,,,,,,ASZ Maxvorstadt,,,,,,,,,,,,,,,,,,,,,,,,,,,,,,,,,,,,,,,,,,,,,,,,,,,,,,,,,,,,,,,,,,,,,,,,,,,,
node,4061803271,,,,,community_centre,,Bürgersaal Westkreuz,,,,POINT (11.4428687 48.1486191),,,,Herbert Hochmuth,,,,,,buergersaal.westkreuz@freenet.de,,+49 89 8341315,http://wp.ivwbuergersaal.de/,,,,,,,,,,,,,,,,,,,,,,,,,,,,,,,,,,,,,,,,,,,,,,,,,,,,,,,,,,,,,,,,,,,,,,,,,,,,,,,,,,,,,,,,,,,,,,,,,
node,4062491408,,,,,community_centre,,Stadtteilladen Westkreuz,"Tu 09:30-18:00; We 09:30-18:00; Th,Fr 09:30-14:00; PH off",,,POINT (11.4423701 48.1480992),,,,Münchner Gesellschaft für Stadterneuerung mbH,,,,,,info@neuaubing-westkreuz.de,,+49 89 18929240,https://aktive-zentren-neuaubing-westkreuz.de/startseite.html,"Webseite auch: http://www.neuaubing-westkreuz.de/; Programm: Dienstag: Energieberatung, Mittwoch & Donnerstag: Stadtteilmanagement; Betreiber: http://www.mgs-muenchen.de/",,,,,,,,,,,,,,,,,,,,,,,,,,,,,,,,,,,,,,,,,,,,,,,,,,,,,,,,,,,,,,,,,,,,,,,,,,,,,,,,,,,,,,,,,,,,,,,,
node,4068406276,,,,,community_centre,,Wohnhochhaus Ramses e.V.,,,,POINT (11.4359516 48.1499513),,,,,,,,,,,+49 89 89665623,+49 89 8343216,,,,,,,,,,,,,,,,,,,,,,,,,,,,,,,,,,,,,,,,,,,,,,,,,,,,,,,,,,,,,,,,,,,,,,,,,,,,,,,,,,,,,,,,,,,,,,,,,,
node,4157188559,3,80469,Angertorstraße,,community_centre,,WikiMUC,We 17:00-21:30+,,limited,POINT (11.570329 48.1314139),München,,,,+49 89 18928095,no,https://de.wikipedia.org/wiki/Wikipedia:WikiMUC,Mobile Rampe ist vorhanden.,,,,,,,,wikimuc@wikipedia.de,,,,,,,,,,,,,,,,,,,,,,,,,,,,,,,,,,,,,Q24505237,de:Wikipedia:WikiMUC,,,,,,,,,,,,,,,,,,,,,,,,,,,,,,,,,,,,,,,,,,,,,,,,,,,,,,,,
node,4160108967,100,81475,Graubündener Straße,,community_centre,,Intermezzo,,,yes,POINT (11.4818572 48.094324),München,,,Kreisjugendring München-Stadt,,,https://www.das-intermezzo.de/,,,,,,,,,,youth_centre,child;juvenile,public,,,,,,,,,,,,18,8,,,,,,,,,,,,,,,,,,,,,,,,,,,,,,,,,,,,,,,,,,,,,,,,,,,,,,,,,,,,,,,,,,,,,,,,,,,,,,
node,4198936351,15,,Lissi-Kaeser-Straße,,community_centre,,Life - Jugendzentrum,,,,POINT (11.5541768 48.1627836),,,,,,,https://www.cvjm-muenchen.org/life,,,,,,,,,,youth_centre,child;juvenile,,,,,,,,,,,,,,,,,,,,,,,,,,,,,,,,,,,,,,,,,,,,,,,,,,,,,,,,,,,,,,,,,,,,,,,,,,,,,,,,,,,,,,,,,,,,
node,4210767314,20,81737,Oskar-Maria-Graf-Ring,,community_centre,,Raum 20 - Frauentreffpunkt Neuperlach,,,yes,POINT (11.65932 48.098086),München,DE,,,,,,,,,,,,,,,meeting_room,female,,,,,,,,,,,,,,,,,,,,,,,,,,,,,,,,,,,,,,,,,,,,,,,,,,,,,,,,,,,,,,,,,,,,,,,,,,,,,,,,,,,,,,,,,,,,
node,4296986393,20,81673,Kreillerstraße,,community_centre,,P. E. G.,,,yes,POINT (11.6335957 48.1272768),,,,,+498962300230,,,,,,,,,,,,,,,,,,,,,,,,,,,,,,,,,,,,,,,,,,,,,,,,,,,,,,,,,,,,,,,,,,,,,,,,,,,,,,,,,,,,,,,,,,,,,,,,,,,,,,,,,
node,4329908472,,,,,community_centre,salvation_army,Heilsarmee Gemeinde (Korps) München,,christian,,POINT (11.5366523 48.1038363),,,,Heilsarmee,,,,,,muenchenkorps@heilsarmee.de,+4989263526,+4989267149,https://www.heilsarmee.de/muenchen/ueber-uns.html,,,,,,,,,,,,,,,,,,,,,,,,,,,,,,,,,,,,,,,,,,,,,,,,,,,,,,,,,,,,,,,,,,,,,,,,,,,,,,,,,,,,,,,,,,,,,,,,,
node,4370151072,10,81475,Königswieser Straße,,community_centre,,Steyler Missionare,24/7,,,POINT (11.4850805 48.0833238),,,,,+4989856345110,,https://www.steyler.de/de/,,,,,,,,,muenchen@steyler.eu,,,,,,,,,,,,,,,,,,,,,,,,,,,,,,,,,,,,,,,Steyler Missionare,Divine Word Missinaries,Misioneros del Verbo Divino,,,,,,,,,,,,,,,,,,,,,,,,,,,,,,,,,,,,,,,,,,,,,,,,,,,,,
node,4411759792,17,80802,Ungererstraße,,community_centre,,"Gemeindehaus, Kindergarten Erlöserkirche",Mo-Fr 08:00-17:00,,yes,POINT (11.5883772 48.165016),München,,,,,no,,,,,,,,,,,,,,,,,,,,,,,,,,,,,,,,2023-03-17,,,,,,,,,,,,,,,,,,,,"original a Maps.me entry, please fix if you know better tags",,,,,,,,,,,,,,,,,,,,,,,,,,,,,,,,,,,,,,,,,,,,,,,,,,,,
node,4720540886,76,80997,Untermenzinger Straße,,community_centre,,Nachbarschaftstreff Untermenzinger Straße,,,,POINT (11.4951622 48.1792983),München,,,,+49 89 44239803,,,,,,,,,,,,meeting_room,neighbourhood,,,,,,,,,,,,,,,,,,,,,,,,,,,,,,,,,,,,,,,,,,,,,,,,,,,,,,,,,,,,,,,,,,,,,,,,,,,,,,,,,,,,,,,,,,,,
node,4720626740,30a,80992,Karlingerstraße,,community_centre,,Nachbarschaftstreff Karlingerstraße,,,,POINT (11.5116166 48.1785199),München,DE,,,+49 89 45207468,,,,,,,,,,,,meeting_room,neighbourhood,,,,,,,,,,,,,,,,,,,,,,,,,,,,,,,,,,,,,,,,,,,,,,,,,,,,,,,,,,,,,,,,,,,,,,,,,,,,,,,,,,,,,,,,,,,,
node,4922862599,26,,Müllerstraße,,community_centre,,LeZ,,,,POINT (11.5716757 48.131591),,,,LeTra e.V,,,,,,,,,,,,,,lgbtq,,,,,primary,,,,,,,,,,,,,,,,,,,,,,,,,,,,,,,,,,,,,primary,,,,,,,,,,,,,,,,,,,,,,,,,,,,,,,,,,,,,,,,,,,,,,,,,,
node,4924116121,86c,81373,Ganghoferstraße,,community_centre,,Tagespflege am Westpark,,,,POINT (11.5384727 48.1273427),München,DE,,,,,,,,,,,,,,,,,,,,,,,,,,,,,,,,,,,,,,,,,,,,,,,,,,,,,,,,,,,,,,,,,,,,,,,,,,,,,,,,,,,,,,,,,,,,,,,,,,,,,,,,,,,,
node,4960516140,,,,,community_centre,,Die Alte Scheune,,,,POINT (11.5402522 48.1216868),,,,,,,,,,,,,,,,,,,,,,,,,,,,,,,,,,,,,,,,,,,,,,,,,,,,,,,,,,,,,30-50,,,,,,,,,,,,,,,,,,,,,,,,,,,,,,,,,,,,,,,,,,,,,,,,,
node,5042778482,11,81371,Danklstraße,,community_centre,,DanklSalon - Sendlinger Freiraum,,,no,POINT (11.5468024 48.119697),München,,,,,,https://danklsalon.wogeno.de,,,,,,,Quartiersladen Nachbarschaftsladen Buchbar für alle Sendlinger,,danklsalon@wogeno.de,meeting_room,,,,,,,,,,,,,,,,,,,,,2022-08-31,,,,,,,,,,,,,no,,,,,,,,,,,,,,,,,,,,,,,,,,,,,,,,,,,,,,,,,,,,,,,,,,,,,,,,,,,
node,5092336525,5,,Arnauer Straße,,community_centre,,Spiel- und Begegnungszentrum am Hart,,,yes,POINT (11.5759172 48.1941301),,,,,,yes,,,,,,,,,,,,,,,,,,,,,,,,,,,,,,,,,,,,,,,,,,,,,,,,,,,,,,,,,,,,,,,,,,,,,,,,,,,,,,,,,,,,,,,,,,,,,,,,,,,,,,,,
node,5196460150,36,80807,Margarete-Schütte-Lihotzky-Straße,,community_centre,,Feierwerk Funkstation,,,,POINT (11.5998113 48.1842101),München,DE,,,,,,,,,,,,,,,,juvenile,,,,,,,,,,,,,,,,,,,,,,,,,,,,,,,,,,,,,,,,,,,,,,,,,,,,,,,,,,,,,,,,,,,,,,,,,,,,,,,,,,,,,,,,,,,,
node,5222333003,10,80807,Fritz-Winter-Straße,,community_centre,,Lihotzky,"""Verschiedene Veranstaltungen und Vermietungen""",,yes,POINT (11.5977779 48.1838448),München,,,Between ART & People e.V.,,,https://www.lihotzky.org/,,,,,,,,,,,,community,,,wlan,,,,,,,,,,,,,,,,,,,,,,,,,,,,,,,,,,,,,,,,,,,,,,,,,,,,,,,,,,,,,,,,,,,,,,,,,,,,,,,,,,,,,,,,
node,5315435474,,,,,community_centre,,Soziale Beratungsstelle Sendling,,,yes,POINT (11.5182544 48.1195209),,,,Caritas,,,,,,,,,https://www.caritas-soziale-dienste-sendling.de/de,,,gsa-sendling@caritasmuenchen.de,,,,,,,,,,,,,,,,,,,,,,,,,,,,,,,,,,,,,,,,,,,,,,,,,,,,,,,,,,,,,,,,,,,,,,,,,,,,,,,,,,,,,,,,,,,,,,
node,5315435475,211,,Garmischer Straße,Gerontopsychiatrischer Dienst München Süd,community_centre,,Gerontopsychiatrischer Dienst der Caritas,,,yes,POINT (11.5181807 48.1195012),,,,Caritas,,,,,,,,,https://www.gerontopsychiatrischer-dienst-caritas-muenchen-sued.de/de,,,gpdi-sued@caritasmuenchen.de,,,,,,,,,,,,,,,,,,,,,,,,,,,,,,,,,,,,,,,,,,,,,,,,,,,,,,,,,,,,,,,,,,,,,,,,,,,,,,,,,,,,,,,,,,,,,,
node,5315435476,,,,,community_centre,,Caritas-Zentrum,,,yes,POINT (11.5182008 48.1195585),,,,Caritas,,,,,,,,,,,,czm-sendling@caritasmuenchen.de,,,,,,,,,,,,,,,,,,,,,,,,,,,,,,,,,,,,,,,,,,,,,,https://www.caritas-nah-am-naechsten.de/caritas-zentrum-laim-sendling,,,,,,,,,,,,,,,,,,,,,,,,,,,,,,,,,,,,,,,,,,,,,,,,
node,5515716123,197,,Arnulfstraße,,community_centre,,Kulturzentrum GOROD,,,,POINT (11.5232113 48.1491029),München,DE,,,,,https://de.newgorod.org/,,,,,,,,,,,,,,,,,,,,,,,,,,,,,,,,,,,,,,,,,,,,no,,,,,community center GOROD,,,,,,,культурный центр ГОРОД,,,,,,,,,,,,,,,,,,,,,,,,,,,,,,,,,,,,,,,,,,,,,,,
node,5611281877,29,80636,Rupprechtstraße,,community_centre,,Haus der Jugendarbeit,,,yes,POINT (11.5391363 48.1487866),München,DE,,,,,https://www.hausderjugendarbeit.de/,,,,,,,,,,,,,,,,,,,,,,,,,,,,,,,,,,,,,,,,,,,,,,,,,,,,,,,,,,,,,,,,,,,,,,,,,,,,,,,,,,,,,,,,,,,,,,,,,,,,,,,
node,5685366943,,,,,community_centre,,Café Klatsch,,,,POINT (11.4618758 48.1464946),,,,,+49 89 8206458,,https://www.schuelertreff-cafe-klatsch.de/,,,,,,,Schüler- und Schülerinnentreff,,info@schuelertreff-cafe-klatsch.de,,,,,,,,,2018-06-12,,,,,,,,,,,,,,,,,,,,,,,,,,,,,,,,,,,,,,,+49 170 8416270,,,,,,,,,,,,,,,,,,,,,,,,,,,,,,,,,,,,,,,,,,,,,,
node,5999937485,,,,,community_centre,,Himalaya pariwar,,,,POINT (11.498374 48.0948061),,,,,,,,,,,,,,,,,,,,,,,,,,,,,,,,,,,,,,,,,,,,,,,,,,,no,,,,,,,,,,,,,,,,,,,,,,,,,,,,,,,,,,,,,,,,,,,,,,,,,,,,,,,,,,,
node,6141050277,155,80339,Westendstraße,,community_centre,catholic,Pfarrheim Maria Heimsuchung,,christian,,POINT (11.5291372 48.1375408),München,,,,,,,,,,,,,,,maria-heimsuchung.muenchen@ebmuc.de,,,,,,,,,,,,,,,,,,,,,,,,,,,,,,,,,,,,,Q98740890,,,,,,,,,,,,,,,,,,,,,,,,,,,,,,,,,,,,,,,,,,,,,,,,,,,,,,,,,
node,6316911707,,,,,community_centre,,Ligsalz8 - Das münchner Syndikatshaus,,,limited,POINT (11.5420043 48.1379118),,,,Mietshaus Syndikat,,,https://ligsalz8.de,,,,,,,"Die Ligsalz8 ist ein Wohnprojekt im Münchner Westend, das sich im Rahmen des Mietshäusersyndikats selbstverwaltet.",,,,,,,,,,,,,,,,,,,,,,,,,,,,,,,,,,,,,,,Q1432684,de:Mietshäuser Syndikat,,,,,,,,,,,,,,,,,,,,,,,,,,,,,,,,,,,,,,,,,,,,,,,,,,,,,,,,
node,6569156486,,,,,community_centre,,Ampere im Muffatwerk,,,,POINT (11.5894872 48.1328909),,,,,,,,,,,,,,,,,,,,,,,,,,,,,,,,,,,,,,,,,,,,,,,,,,,,,,,,Ampere,,,,,,,,,,,,,,,,,,,,,,,,,,,,,,,,,,,,,,,,,,,,,,,,,,,,,,
node,6659457852,35,80807,Max-Bill-Straße,,community_centre,,Nachbarschaftstreff Domagkpark,Mo 15:00-17:00; Fr 10:00-12:00,,,POINT (11.5960078 48.1868455),München,,,,+49 89 41238246,,https://www.domagkpark.de/nachbarschaftstreff.html,,,,,,,,,,,,,,,,,,,,,,,,,,,,,,,,,,,,,,,,,,,,,,,,,,,,,,,,,,,,,,,,,,,,,,,,,,,,,,,,,,,,,,,,,,,,,,,,,,,,,,,
node,6716477507,45,81241,Josef-Felder-Straße,,community_centre,,Nachbarschaftstreff Pasing,,,,POINT (11.4660873 48.1477015),München,,,,,,,,,,,,,,,,,,,,,,,,,,,,,,,,,,,,,,,,,,,,,,,,,,,,,,,,,,,,,,,,,,,,,,,,,,,,,,,,,,,,,,,,,,,,,,,,,,,,,,,,,,,,,
node,6877983814,20a,81373,Hinterbärenbadstraße,,community_centre,,Feierwerk Tatz,,,limited,POINT (11.5280976 48.1207151),München,,,Feierwerk e.V.,+49 89 51262863,,https://www.feierwerk.de/kinder-jugend-familieneinrichtungen/tatz/,,,,,,,,,tatz@feierwerk.de,,,,,,,,,,,,,,,,,,,,,,,,,,,,,,,,,,,,,,,,,,,,,,,,,,,,,,,,,,,,,,,,,,,,,,,,,,,,,,,,,,,,,,,,,,,,,,
node,7597842267,3,80807,Bauhausplatz,,community_centre,,Horizont-Haus Domagkpark,,,,POINT (11.5929182 48.1868828),München,,,,,,,,,,,,,,,,,,,,,,,,,,,,,,,,,,,,,,,,,,,,,,,,,,no,,,,,,,,,,,,,,,,,,,,,,,,,,,,,,,,,,,,,,,,,,,,,,,,,,,,,,,,,,,
node,7684415053,,,,,community_centre,,Pfarrzentrum,,,,POINT (11.4850742 48.1408853),,,,,,,,,,,,,,,,,,,,,,,,,,,,,,,,,,,,,,,,,,,,,,,,,,,,,,,,,,,,,,,,,,,,,,,,,,,,,,,,,,,,,,,,,,,,,,,,,,,,,,,,,,,,,,
node,8220281969,,,,,community_centre,,Jugendtreff Tröpferlbad,,,,POINT (11.5610054 48.1243628),,,,,,,http://www.troepferlbad.info/,,,,,,,,,,youth_centre,juvenile,,,,,,,,,,,,,,,,,,,,,,,,,,,,,,,,,,,,,,,,,,,,,,,,,,,,,,,,,,,,,,,,,,,,,,,,,,,,,,,,,,,,,,,,,,,,
node,8238486508,10,81737,Ottobrunner Straße,,community_centre,,Utopia - Freizeitstätte,Mo 15:00-18:00; Tu 15:00-19:00; We-Fr 15:00-21:00; PH off,,yes,POINT (11.6161041 48.1117805),München,,,Falken-Freizeitstättenverein,,,https://utopia-muc.de/,,,,,,,,,,youth_centre,,private_non_profit,,,,,,,,,,,,,,,,,,,,,,private,,,,,,,,,,,,,,,,,,,,,,,,,,,,,,,,,,,,,,,,,,,,,,,,,,,,,,,,,,,,,,,,,,,,,
node,8392134385,2,,Leipziger Straße,,community_centre,,Kinder- und Jugendtreff Mooskito,,,,POINT (11.5198494 48.1771816),,,,Kreisjugendring München-Stadt,+49 89 1403850,,https://www.mooskito.de,,,,,,,,,,youth_centre,,public,,,,,,,,,,,,,,,,,,,,,,,,,,,,,,,,,,,,,,,,,,,,,,,,,,,,,,,,,,,,,,,,,,,,,,,,,,,,,,,,,,,,,,,,,,,
node,8433287693,,,,,community_centre,,St. Lorenz,,,,POINT (11.6241856 48.1716765),,,,,,,,,,,,,,,,,,religious,,,,,,,,,,,,,,,,,,,,,,,,,,,,,,,,,no,,,,,,,,,,,,,,,,,,,,,,,,,,,,,,,,,,,,,,,,,,,,,,,,,,,,,,,,,,,
node,8434342549,5,80337,Ruppertstraße,,community_centre,,Luise,,,,POINT (11.5532273 48.1230528),München,,,Glockenbachwerkstatt e.V.,,,https://www.luise-kultur.de/,,,,,,,,,,,,,,,,,,,,,,,,,,,,,,,,,,,,,,,,,,,,,,,,,,,,,,,,,,,,,,,,,,,,,,,,,,,,,,,,,,,,,,,,,,,,,,,,,,,,,,,
node,9324924918,5,81475,Walliser Straße,,community_centre,,Musisch Kreative Werkstatt / Intermezzo,,,,POINT (11.4825956 48.0924021),München,,,Kreisjugendring München-Stadt,,,https://www.musischkreative-werkstatt.de/,,,,,,,,,,youth_centre,,public,,,,,,,,,,,,18,6,,,,,,,,,,,,,,,,,,,,,,,,,,,,,,,,,,,,,,,,,,,,,,,,,,,,,,,,,,,,,,,,,,,,,,,,,,,,,,
node,9580248114,,,,,community_centre,,Kinder- und Jugendtreff BaLI,,,,POINT (11.6053115 48.1253467),,,,AKA e.V.,,,https://aka-muenchen.de/kinder-und-jugendtreff-bali/,,,bali@aka-muenchen.de,+49 89 4483045,+49 89 484542,,,,,youth_centre,juvenile,,,,,,,,,,,,,,,,,,,,,,,,,,,,,,,,,,,,,,,,,,,,,,,,+49 176 43216204,Urban Bike,,,,,,,,,,,,,,,,,,,,,,,,,,,,,,,,,,,,,,,,,,,
node,9785880853,4,81379,Schertlinstraße,,community_centre,,Café Netzwerk,,,yes,POINT (11.5158357 48.0967051),München,,,Kreisjugendring München-Stadt,,,https://www.cafe-netzwerk.de/,,,team@cafe-netzwerk.de,,+49 89 54832700,,,,,youth_centre,child;juvenile,public,,,,,,,,,,,,18,6,,,,,,,,,,,,,,,,,,,,,,,,,,,,,,,,,,,,,,,,,,,,,,,,,,,,,,,,,,,,,,,,,,,,,,,,,,,,,,
node,10138422963,5,81667,Rosenheimer Straße,,community_centre,,Münchner Werkzeugbibliothek,Tu 18:30-20:00; Sa 10:00-12:00,,,POINT (11.5915828 48.1307273),München,,,Erfindergarden Foudation gUG,+49 89 5404 0612,,https://erfindergarden.de/werkzeugbib/,,,,,,,,,,,,private_non_profit,,,,,,,,,,,,,,,,,,,,,,,,,,,,,,,,,,,,,,,,,,,,,,,,,,,,,,,,,,,,,,,,,,,,,,,,,,,,,,,,,,,,,,,,,,,
node,10140387989,6,81369,Plinganserstraße,,community_centre,,Satoshis Coffeeshop,,,,POINT (11.5401999 48.1217178),München,,,,+49 1522 7296631,,https://bitcoinlight.house/satoshis-coffeeshop/,,,,,,,"Geöffnet an ausgewählten Sonntagen nachmittags bis abends (aktuelle Infos: siehe Website) für Vorträge, Workshops, Diskussionsgruppen oder geselliges Zusammensein",,,,,,,,,,,,,,,,,,,,,,,,,,,,,,coffee_shop,no,,,,,,,,,,,,,,,,,,,,,,,2023-05-07,https://twitter.com/btclighthouse,yes,yes,yes,yes,,,,,,,,,,,,,,,,,,,,,,,,,,,,,,,,,,,,,
node,10157783263,,,,,community_centre,,AWO Seniorentreff,Mo-Th 10:00-17:00,,,POINT (11.5402749 48.1615064),,,,AWO,,,,,,,,,,,,,community_hall,senior,,,,,,,,,,,,,,,,,,,,,,,,,,,,no,,,,,,,,,,,,,,,,,,,,,,,,,,,,,,,,,,,,,,,,,,,,,,,,,,,,,,,,,,,,,,,,
node,10594846151,1b,80802,Nikolaiplatz,,community_centre,,Seidlvilla Verein e.V.,Mo-Su 12:00-19:00,,,POINT (11.5876179 48.1585931),München,DE,,,,,,,,info@seidlvilla.de,+49 89 3402 9566,+49 89 333 139,https://www.seidlvilla.de/,,,,,,,,,,,,,,,,,,,,,,,,,,,,,,,,,,,,,,,,,,,,,,,,,,,,,,,,,,,,,,,,,,,,,,,,,,,,,,,,,,,,,,,,,,,,,,,,,
node,10741539798,20,,Welfenstraße,,community_centre,,Aktiv für interKulturellen Austausch e.V.,,,,POINT (11.5877426 48.121845),,,,,,,https://aka-muenchen.de,,,,,,,,,,youth_centre,,,,,,,,2023-03-17,,,,,0,,,,AKA,,,,,,,,,,,,,,,,,,,,,,,,,,,,,,,,,,,,,,,,,,,,,,,,,,,,,,,,,,,,,,,,,,,,,,,,,,,,
node,10934588311,41,,Gärtnerstraße,,community_centre,,Islamisches Kulturzentrum Hidaje e.v.,"Sa 10:30-12:30, 13:30-16:00, So 10:00-14:00",muslim,,POINT (11.5315978 48.177991),München,,,,+49 89 21932912,,https://www.hidaje.de/,,,,,,,,,,,,,,,,,,,,,,,,,,,,,,,,,,,,,,,,,,,,,,,,,,,,,,,,,,,,,,,,,,,,,,,,,,,,,,,,,,,,,,,,,,,,,,,,,,,,,,,
way,24164472,18,80331,Sankt-Jakobs-Platz,,community_centre,,Israelitische Kultusgemeinde (Gemeindezentrum),,jewish,,"POLYGON ((11.5717766 48.1343334, 11.5722006 48.1345818, 11.5718617 48.1348449, 11.571706 48.1349502, 11.5716784 48.1349674, 11.5716094 48.1350144, 11.5712511 48.1348038, 11.5716234 48.1344569, 11.5716808 48.1344107, 11.5717766 48.1343334))",München,DE,,,,,https://www.ikg-m.de,,,info@ikg-m.de,+49 9 20 24 00 -170,+49 89202400100,https://www.ikg-m.de,,survey by BenE München,info@ikg-m.de,,,,,,,,,,,,,,,,,,,,,,,,,,,,,,,,,,,,,Q161751,de:Jüdisches Zentrum München,,,,,,,,,,,,,,,,,,,,"[261736460, 261736461, 358489626, 2888848543, 2888848544, 261736462, 261736463, 3902869965, 358836893, 261736460]",yes,Israelitische Kultusgemeinde München und Oberbayern K.d.ö.R.,,,,,,,,,,,,,,,,,,,,,,,,,,,,,,,,,,
way,27226303,32,81825,Wasserburger Landstraße,,community_centre,,Kulturzentrum Trudering,Mo-Su 10:00-20:00,,yes,"POLYGON ((11.6703488 48.1195303, 11.6701832 48.1193046, 11.6707298 48.1191259, 11.6707655 48.1191746, 11.6708953 48.1193516, 11.6707321 48.119405, 11.6706846 48.1194205, 11.6703488 48.1195303))",München,DE,,,+49 89 42018911,,,,,,,,https://www.kulturzentrum-trudering.de/ueber-uns/traegerverein/,,,,,,,,,,,,,,,,,,,,,,,,,,,,,,,,,,,,,,,,,,,,,,,,,,,,,,,,,,,,,"[298800444, 298800445, 298800446, 7803341405, 298800447, 2925089126, 7803341393, 298800444]",yes,,,,,,,,,,,,,,,,,,,,,,,,,,,,,,,,,,,
way,27932813,57,81249,Wiesentfelser Straße,,community_centre,,Jugendtreff Neuaubing,"""varies by time of year, targets specific groups""",,,"POLYGON ((11.4116667 48.1458854, 11.4117373 48.1458951, 11.4117857 48.1457378, 11.411557 48.1457064, 11.4115207 48.1458244, 11.4113895 48.1458065, 11.4113506 48.1459327, 11.4115468 48.1459596, 11.4115539 48.1459366, 11.411647 48.1459494, 11.4116667 48.1458854))",München,DE,,Kreisjugendring München-Stadt,,,https://www.jt-neuaubing.de/,,,,,+49 89 871 42 42,,,,,youth_centre,juvenile,public,,,,,,,,,,,,,,,,,,,,,,,,,,,,,,,,,,,,,,,,,,,,,,,,,,,,,,,"[306594915, 306594907, 306594908, 306594909, 306594914, 306594910, 1065190064, 306594912, 1065190074, 1065190079, 306594915]",yes,,,,,,,,,,,,,,,,,,,,,,,,,,,,,,,,,,,
way,29546823,153,81927,Fideliostraße,,community_centre,,SBZ Fideliopark,"Mo-Fr 12:30-14:00, Mo,Tu,Fr 14:00-20:00, We,Th 14:00-18:00, Sa 13:00-18:00",,yes,"POLYGON ((11.6424281 48.1640081, 11.6426134 48.1639704, 11.6424507 48.1636144, 11.6422654 48.1636521, 11.6424281 48.1640081))",,,,Kreisjugendring München,,,https://www.sbz-fideliopark.de/,,,,,,,,,info@sbz-fideliopark.de,,,,,,wlan,,,,,,,,,,,,,,,,2023-03-15,,,,,,,,,,,,,,,,,,,,,,,,,,,,,,,,,,,,"[1533385951, 325642863, 325642865, 325642866, 1533385951]",yes,,,,,,,,,,,,,,,,,,,,,,,,,,,,,,,,,,,
way,34723727,1,81539,Giesinger Bahnhofplatz,,community_centre,,Kulturzentrum Giesinger Bahnhof,,,limited,"POLYGON ((11.5960422 48.1104658, 11.596084 48.11037, 11.5961156 48.1103761, 11.5961496 48.1102983, 11.5961057 48.1102897, 11.5961401 48.110211, 11.596181 48.1102189, 11.5961924 48.1101927, 11.5961685 48.1101881, 11.5962047 48.110105, 11.5964065 48.1101443, 11.5962783 48.1104357, 11.5962576 48.1104317, 11.5962396 48.1104282, 11.596209 48.1104982, 11.5960422 48.1104658))",München,,,Freunde Giesings e.V.,,,https://www.giesinger-bahnhof.de/,,,,,,,,,,cultural_centre,,,,,,,,,,,,,,,,,,,,,,,,,,,,,,,,,,,,,,,,,,,,,,,,,,,,,,,,,"[393898866, 404580663, 404580664, 1452215196, 1452215192, 1452215180, 1452215191, 404580665, 404580666, 404580667, 1452215178, 1452215200, 3386284410, 1452215199, 404580669, 393898866]",yes,,2,hipped,,,,,,,,,,,,,,,,,,,,,,,,,,,,,,,,
way,36888115,1,81547,Fromundstraße,,community_centre,,FEZI,"Mo-Fr 13:30-17:30,18:00-21:00; We 13:30-17:30",,,"POLYGON ((11.5760555 48.1083504, 11.5759716 48.1082658, 11.5758508 48.1083192, 11.5757444 48.1083663, 11.5758284 48.1084509, 11.5760555 48.1083504))",München,DE,,,+49 89 6920173,,https://www.fezi-wetterstein.de/,,,,,,,Kinder- und Jugendtreff am Wettersteinplatz,,fezi-wetterstein@kjr-m.de,,juvenile,,,,,,,,,,,,,,,,,,,,,,,,,,,,,,,,,,,,,,,,,,,,,,,,,,,,,,,,"[2409165289, 2409165302, 3338183539, 428886375, 428886371, 2409165289]",yes,,2,,,,+49 89 69804863,,,,,,,,,,,,,,,,,,,,,,,,,,,,,
way,37703317,1,81245,August-Exter-Straße,,community_centre,,Pasinger Fabrik,,,yes,"POLYGON ((11.4608255 48.1512006, 11.461402 48.1511643, 11.4614276 48.1513399, 11.4615568 48.1513313, 11.4615536 48.1513179, 11.4615672 48.1513163, 11.461574 48.151325, 11.4615908 48.1513285, 11.461608 48.1513242, 11.4616196 48.1513118, 11.4617237 48.1513048, 11.4616837 48.1510088, 11.4617596 48.1510021, 11.4617506 48.1509472, 11.4617368 48.150853, 11.4617277 48.1507429, 11.4616545 48.1507613, 11.4616765 48.1509188, 11.4615244 48.150928, 11.4615224 48.1509181, 11.4612152 48.1509364, 11.4611468 48.1509404, 11.461139 48.1508849, 11.4610049 48.1509324, 11.4610094 48.151002, 11.4609316 48.1510059, 11.4609323 48.1510248, 11.4608718 48.151028, 11.4608727 48.1510496, 11.4608631 48.1510498, 11.4608072 48.1510539, 11.4608255 48.1512006))",München,DE,,,,,,,,info@pasinger-fabrik.com,,+49 8982929079,https://www.pasinger-fabrik.de/,,,,,,,,,,,,,,,,,,,,,,,,,2022-10-13,,,,,,,,,,,,,no,,Q1567979,,,,,,,,,,,,,,,,,,,,,"[442108336, 442108337, 442108338, 1234768477, 1234769044, 1234768046, 1234768583, 1234769294, 1234768839, 4908929618, 442108339, 442108340, 442108341, 2476960551, 443706929, 442108342, 442108343, 442108344, 4908929619, 4908929620, 2347938962, 442108345, 442108346, 442108347, 442108348, 1234768019, 1234769028, 442108349, 1234768650, 2196730407, 1234768946, 442108336]",yes,Pasinger Fabrik GmbH Kultur- und Bürgerzentrum der Landeshauptstadt München,,,,,,,,,,,,,,,,,,,,,,,,,,,,,,,,,,
way,39246411,14,80637,Hanebergstraße,,community_centre,,Oase Neuhausen,,,,"POLYGON ((11.5357717 48.1627885, 11.5360553 48.1621602, 11.5355672 48.1619901, 11.5340212 48.1616376, 11.5337541 48.1622057, 11.5352767 48.1625862, 11.5352407 48.1626543, 11.5357717 48.1627885))",München,,,Kreisjugendring München-Stadt,,,https://www.asp-neuhausen.de/,,,,,,,Jugendtreff und Abenteuerspielplatz,,,youth_centre,child;juvenile,public,,,,,,,,,,,,,,,,,,,,,,,,,,,,,,,,,,,,,,,,,,,,,,,,,,,,,,,"[1596538913, 470238012, 470238015, 470238017, 1216396086, 1596538906, 1596538911, 1596538913]",,,,,,,,Q1330682,,,,,,,,,,,,,,,,,,,,,,,,,,,,
way,40951700,34,81245,Goßwinstraße,,community_centre,,Pfarrheim,,,,"POLYGON ((11.473839 48.1533691, 11.4738424 48.1534327, 11.4737958 48.1534338, 11.4737994 48.1535005, 11.4737619 48.1535014, 11.4737693 48.153639, 11.4736999 48.1536407, 11.4737015 48.1536714, 11.4735573 48.1536749, 11.4735538 48.1536085, 11.4736051 48.1536073, 11.4735996 48.1535049, 11.4736543 48.1535036, 11.4736473 48.1533736, 11.473839 48.1533691))",München,DE,,,,,https://www.erzbistum-muenchen.de/pfarrei/pv-menzing/st-leonhard-muenchen,,,,,,,,,,,,,,,,,,,,,,,,,,,,,,,2022-07-27,,,,,,,,,,,,,no,,,,,,,,,,,,,,,,,,,,,,,"[498836436, 498836437, 498836438, 498836439, 498836440, 498836441, 498836442, 498836443, 498836444, 498836445, 498836446, 498836447, 498836448, 498836449, 498836436]",yes,,,,,,,,,,,,,,,,,,,,,,,,,,,,,,,,,,,
way,41505637,7,80807,Anni-Albers-Straße,,community_centre,,Deutscher Alpenverein (Bundesgeschäftsstelle),,,,"POLYGON ((11.591967 48.1770395, 11.591966 48.1770897, 11.5919652 48.1771606, 11.5920251 48.1771648, 11.5921783 48.1773356, 11.5921684 48.1773433, 11.5922534 48.1774368, 11.5922642 48.1774314, 11.5923184 48.1774919, 11.5924187 48.1774507, 11.5925186 48.1774097, 11.592334 48.177198, 11.5921582 48.1770086, 11.591968 48.1770062, 11.591967 48.1770395))",München,DE,,,+49 89 14003 0,,https://www.alpenverein.de,,,,,,,,,,club_home,,,,,,,,,,,,,,,,,DAV,,,,,,Langenscheidt closed Dec 2019. Deutscher Alpenverein (DAV) moved in: Feb 2021,,,,,,,,,,,,,Q513666,de:Deutscher Alpenverein,,,,,association,,,,,,,,Langenscheidt GmbH & Co. KG,,,,,,,"[3653279402, 3653279412, 3653279404, 3653279407, 3653279399, 3653279400, 3653279408, 3653279406, 508080944, 8476477107, 508080945, 2434569622, 508080946, 3653279409, 3653279402]",office,,,,,,,,2021-02-01,,,,,,,,,,,,,,,,,,,,,,,,,,,
way,46713752,23,80995,Gustav-Schiefer-Straße,,community_centre,,St. Johannes Evangelist,,,,"POLYGON ((11.532191 48.1988654, 11.5321911 48.1988485, 11.5321914 48.1987879, 11.5325851 48.1987886, 11.5325853 48.1987552, 11.5326978 48.1987554, 11.5326973 48.1988664, 11.532191 48.1988654))",München,,,,,,,,,,,,,,,,,,,,,,,,,,,,,,,,,,,,,,,,,,,,,,,,,,,,,,,,,,,,,,,,,,,,,,,,,"[597233446, 3388903408, 597233450, 3381974523, 3381974522, 3381974521, 597233447, 597233446]",yes,,,,,,,,,,,,,,,,,,,,,,,,,,,,,,,,,,,
way,51517138,14,80469,Am Glockenbach,Villa Kunterbunt,community_centre,,Kinder- und Jugendhaus KUBU,,,,"POLYGON ((11.5661516 48.1264022, 11.566262 48.1264854, 11.566297 48.1264684, 11.5664792 48.1266198, 11.566566 48.126576, 11.5667783 48.1265321, 11.5667559 48.1264816, 11.5665283 48.1265281, 11.5663556 48.1263705, 11.5663058 48.1263251, 11.5661516 48.1264022))",München,DE,,Caritasverband der Erzdiözese München und Freising e.V.,,,,,,,,,,Kinder- und Jugendhaus,,,,child;juvenile,,,,,,,,,,,,,,,,,,,,,,,,,,,,,,,,,,,,,,,,,,,,,,,,,,,,,,,,"[658653290, 3823380858, 3823380857, 658653287, 1722866689, 658653293, 1722866663, 1722866684, 409497564, 658653288, 658653290]",civic,,,,,,,,,,,,,,,,,,,,,,,,,,,,,,,,,,,
way,77907148,14,81241,Bäckerstraße,,community_centre,,Alten- und Service-Zentrum Pasing,,,,"POLYGON ((11.4612219 48.1455755, 11.4612711 48.145572, 11.4612781 48.1456007, 11.4614181 48.1456021, 11.4613683 48.1453384, 11.4611836 48.1453525, 11.4612219 48.1455755))",,,,,,,https://www.asz-pasing.de/de,,,,,,,,,,,,,,,,,,,,,,,,,,,,,,,,,,,,,,,,,,,,,,,,,,,,,,,,,,,,,,,,,,,"[915621717, 915621559, 915621688, 915621669, 915621656, 915621684, 915621717]",yes,,2,gabled,,red,,,,building,,,,,,,,,,,,,,,,,,,,,,,,,,
way,81158074,82a,80686,Valpichlerstraße,,community_centre,,,,,,"POLYGON ((11.498497 48.1379839, 11.4985056 48.1380691, 11.4988363 48.1380542, 11.4988288 48.1379779, 11.498718 48.1379829, 11.4987171 48.137974, 11.498497 48.1379839))",München,DE,,,,,,,,,,,,,,,,,,,,,,,,,,,,,,,,,,,,,,,,,,,,,,,,,,,,,,,,,,,,,,,,,,,,,,,,"[945767966, 945767972, 945767971, 945767984, 945767981, 945767978, 945767966]",yes,,,,,,,,,,,,,,,,,,,,,,,,,,,,,,,,,,,
way,87293066,6,,Fellererplatz,,community_centre,,Pfarrzentrum,,,yes,"POLYGON ((11.51737 48.0777521, 11.5173921 48.0775726, 11.5171529 48.0775572, 11.5168318 48.0775395, 11.5168097 48.077719, 11.51737 48.0777521))",,,,,,,,,,,,,,,,,,,,,,,,,,,,,,,,,,,,,,,,,,,,,,,,,,,no,,,,,,,,,,,,,,,,,,,,,,,"[1014961181, 1014961130, 3923769317, 1014961118, 1014960989, 1014961181]",public,,1,flat,,grey,,,,,white,,,,,,,,,,,,,,,,,,,,,,,,,
way,87407305,7,80331,Blumenstraße,,community_centre,,Glockenbachwerkstatt,,,limited,"POLYGON ((11.5738137 48.1334887, 11.5739487 48.1333939, 11.5741088 48.1334954, 11.5741827 48.1335422, 11.5740477 48.133637, 11.5738979 48.1335421, 11.5738137 48.1334887))",München,DE,https://de.wikipedia.org/wiki/Datei:Blumenstr7_Muenchen-01.jpg,,,,https://www.glockenbachwerkstatt.de/,,,,+49 89 2 60 64 34,+49 89 26 88 38,,,survey by BenE München,,,,,,,,,,,,,,,,,,,,,,,,,,,,,,,,,,designated,,,,,,,,,,,,,,,,,,,,,,,,,"[1016367223, 1016367203, 10568232903, 1016367229, 1016367227, 10568232902, 1016367223]",yes,,,hipped,,,,,1826,,,classicism,4,BLfD,D-1-62-000-794,along,,,,,,,,,,,,,,,,,,,,
way,94790070,,81543,Arminiusstraße,,community_centre,,Pfarrheim St. Franziskus,,,,"POLYGON ((11.5693186 48.1142748, 11.5694056 48.1142749, 11.5694054 48.1143764, 11.5692968 48.1143762, 11.5692968 48.114402, 11.5691732 48.114402, 11.5691732 48.1143897, 11.5691732 48.114376, 11.5690496 48.1143758, 11.5690499 48.1142745, 11.5691373 48.1142746, 11.5693186 48.1142748))",München,,,,,,,,,,,,,,,,,,,,,,,,,,,,,,,,,,,,,,,,,,,,,,,,,,no,,,,,,,,,,,,,,,,,,,,,,,"[1100448139, 1100448132, 1100448093, 1100448207, 1100448141, 1100448156, 2811968545, 1100448121, 1100448091, 1100448171, 9687676084, 1100448139]",yes,,,,,,,,,,,,,,,,,,,,,,,,,,,,,,,,,,,
way,95707056,5,81245,Ubostraße,,community_centre,catholic,Katholisches Pfarramt St. Quirin,"Sep-Jul Mo-Fr 08:00-12:00, Sep-Jul We,Th 14:00-15:00, Aug Mo,Tu,Th,Fr 08:00-12:00",christian,yes,"POLYGON ((11.4152413 48.1567438, 11.4149692 48.1567504, 11.4149702 48.1567683, 11.414608 48.1567771, 11.4145859 48.1563714, 11.4148305 48.1563654, 11.4148331 48.1564127, 11.4148887 48.1564114, 11.4148927 48.1564863, 11.4149022 48.1566605, 11.4149647 48.156659, 11.4149636 48.1566391, 11.4152352 48.1566325, 11.4152413 48.1567438))",München,DE,,,,,,,,,,,,,,,,,,,,,,,,,,,,,,,,,,,,,,,,,,,,,,,,,,,,,,,,,,,,,,,,,,,,,,,,"[1109590384, 8733108039, 8733108040, 1109590440, 1109590367, 1109590403, 8733108038, 1109590122, 1109590221, 1109590131, 1109590216, 1109590398, 1109590279, 1109590384]",yes,,,,,,,,,,,,,,,,,,,,,,,,,,,,,,,,,,,
way,96132395,24,81735,Albert-Schweitzer-Straße,,community_centre,,Abenteuerspielplatz Maulwurfshausen,Mo-Fr 13:00-18:00,,,"POLYGON ((11.6460071 48.1110328, 11.646158 48.1109755, 11.6463717 48.1109194, 11.6466739 48.1108582, 11.6465686 48.1107444, 11.6464977 48.110654, 11.6464679 48.110616, 11.6463811 48.1104654, 11.6463342 48.110348, 11.6462562 48.110365, 11.646024 48.1104991, 11.6457837 48.1107165, 11.6455707 48.1109419, 11.6456783 48.1110171, 11.6458072 48.1111221, 11.6460071 48.1110328))",München,DE,,Kreisjugendring München-Stadt,,,,,,maulwurfshausen@kjr-m.de,+49 89 18922757,+49 89 670 11 31,https://www.maulwurfshausen.de,,,,youth_centre,,,fence,,,,,,,,,,,,,,,,,,,,,,,,,,,,,,,,,,,,,,,,,,,,,,,,,,,,,,"[1113905901, 1163929487, 1113905933, 1113905929, 4878458333, 4879731813, 3750821980, 1798427955, 1798427948, 1798427949, 1798427952, 1163929682, 1163929470, 4878458335, 4878458334, 1113905901]",,"Abenteuerspielplatz Maulwurfshausen Bauspielplatz, Spielstadt & Spielhaus",,,,,,Q1330682,,,,,,,,,info@kjr-m.de,Spielstadt Maulwurfshausen,,,,,,,,,,,,,,,,,,
way,96293763,64,,Am Blütenanger,,community_centre,,ALVENI Jugendhaus,,,,"POLYGON ((11.5113795 48.2010887, 11.5113548 48.2010354, 11.5114658 48.2010124, 11.5113779 48.2008236, 11.5110954 48.2008821, 11.5111829 48.2010701, 11.5112104 48.2010644, 11.5112356 48.2011185, 11.5112142 48.2011229, 11.5112873 48.20128, 11.5112493 48.2012879, 11.5112994 48.2013954, 11.5116476 48.2013234, 11.5116287 48.2012828, 11.5116644 48.2012754, 11.5116371 48.2012168, 11.5116014 48.2012242, 11.5115973 48.2012152, 11.511467 48.2012421, 11.5113942 48.2010857, 11.5113795 48.2010887))",,,,Caritas,,,,,,,,,,,,,,,,,,,,,,,,,,,,,,,,,,,,,,,,,,,,,,,,,,,,,,,,,,,,,,,,,,,,,,"[1116160031, 1116160105, 1116160051, 1116159939, 1116160165, 1116159962, 1116159930, 1116160106, 1116160168, 1116159956, 1116160018, 1116160060, 1116159992, 1116160156, 1116160029, 1116160104, 1116160146, 1116159924, 1116160122, 1116160108, 1116160031]",yes,,,,,,,,,,,,,,,,,,no,,,,,,,,,,,,,,,,,
way,96955017,2,80992,Moosacher Sankt-Martins-Platz,,community_centre,,Pelkovenschlössl,,,yes,"POLYGON ((11.5170644 48.1809478, 11.5171041 48.1808574, 11.5167879 48.1807957, 11.5167483 48.180886, 11.5170644 48.1809478))",München,DE,,Gesamtverein Moosach e.V.,,,https://www.pelkovenschloessl.de/,,,,,,,,,,,,,,,,,,,,,,,,,,,,,,,,,,,,,,,,,,,,,,Q23786126,de:Pelkovenschlössl,,,,,,,,,,,attraction,,,,,,,,,"[1123520226, 1123519887, 1123519952, 1123520149, 1123520226]",yes,,,,,,,,1690,,,,,,,,,,,,,,,,,,,,,,,,,,,
way,97089271,34,81371,Danklstraße,Valley,community_centre,,Spiel- und Bildungszentrum Sendling,Mo-Fr 10:00-16:00,,,"POLYGON ((11.5463122 48.1169168, 11.5463074 48.1167126, 11.5466319 48.1167084, 11.5466378 48.1169096, 11.5465994 48.1169106, 11.5465996 48.1169517, 11.5468205 48.1169474, 11.5468227 48.1170515, 11.546504 48.1170603, 11.5465011 48.1169443, 11.5464703 48.1169328, 11.5464897 48.1169132, 11.5463122 48.1169168))",München,,,Kreisjugendring München-Stadt,,,https://www.sbz-sendling.de/,,,,,,,,,,youth_centre,,,,,,,,,,,,,,21,6,,SBZ Sendling,,,,,,,,,,,,,,,,,,,,,,,,,,,,,,,,,,,,,,,,"[1124820779, 1124820593, 1124820700, 1124820751, 1124820694, 1124820583, 1124820523, 1124820836, 1124820843, 8025733659, 1124820647, 8025733658, 1124820779]",yes,,1,,,,,,,,,,,,,,,,,juvenile;child,KJR,,,,,,,,,,,,,,,
way,97702146,15,81673,Schildensteinstraße,,community_centre,,Ev.-Luth. Gemeindehaus,"Mo,Tu,Th,Fr 09:30-12:30; We 16:00-18:00",,,"POLYGON ((11.6359789 48.1250116, 11.6360867 48.125, 11.6361261 48.1251636, 11.6360183 48.1251752, 11.6359789 48.1250116))",München,,,,,,,,,,,,,,,,,,,,,,,,,,,,,,,,,,,,,,,,,,,,,,,,,,,,,,,,,,,,,,,,,,,,,,,,,"[1131102793, 1131102665, 1131102798, 1131102747, 1131102793]",yes,,,,,,,,,,,,,,,,,,,,,,,,,,,,,,,,,,,
way,108069035,4,81539,Martin-Luther-Straße,,community_centre,,Evangelisches Gemeindehaus,"Mo-Tu,Fr 10:00-12:00; We 11:00-12:00; Th 16:00-19:00",,no,"POLYGON ((11.5764032 48.1150281, 11.5765803 48.1149887, 11.5766678 48.1151573, 11.5764897 48.1151946, 11.5764032 48.1150281))",München,,,,,,,,,,,,,,,,,,,,,,,,2022-11-25,,,,,,,,,,,,,,,,,,,,,,,,,,,,,,,,,,,,,,,,,,,,,,,,,"[1240570346, 1240570313, 1240570261, 1240570351, 1240570346]",yes,,,,,,,,,,,,,,,,,,,,,,,,,,,,,,,,,,,
way,115108894,,,,,community_centre,,Pfarrheim St. Paul,,,,"POLYGON ((11.5507633 48.1370928, 11.5508976 48.1370977, 11.5509153 48.1368802, 11.5509184 48.1368427, 11.5508528 48.1368403, 11.5508501 48.1368729, 11.5506413 48.1368652, 11.5506403 48.1368783, 11.550593 48.1368765, 11.5505841 48.1369864, 11.5506409 48.1369884, 11.5506432 48.136961, 11.5507736 48.1369657, 11.5507633 48.1370928))",,,,Römisch-katholische Kirche,,,,,,,,,,,,,,,,,,,,,,,,,,,,,,,,,,,,,,,,,,,,,,,,,,,,,,,,,,,,,,,,,,,,,,"[1301970589, 1301970649, 1301970651, 3125486968, 3125486969, 3125486967, 3125486966, 3125486965, 1301970650, 1301970591, 1301970605, 1301970708, 1301970666, 1301970589]",yes,,,,,,,,,,,,,,,,,,,,,,,,,,,,,,,,,,,
way,118335079,29,81241,Bäckerstraße,,community_centre,,Pfarrheim Maria Schutz,,,,"POLYGON ((11.4614742 48.1432455, 11.4614698 48.1430271, 11.4616045 48.1430259, 11.461605 48.1430526, 11.4618047 48.1430508, 11.4618086 48.1432425, 11.4615994 48.1432443, 11.4614742 48.1432455))",,,,,,,,,,,,,,,,,,,,,,,,,,,,,,,,,,,,,,,,zu Maria Schutz,,,,,,,,,,,,,,,,,,,,,,,,,,,,,,,,,,"[1330928558, 1330928553, 1330928552, 1330928557, 1330928554, 1330928551, 1330928549, 1330928558]",civic,,2,,,,,,,,,,,,,,,,,,,,,,,,,,,,,,,,,
way,120964176,3,80992,Moosacher Sankt-Martins-Platz,,community_centre,,Hacklhaus,,,limited,"POLYGON ((11.5170839 48.1812396, 11.5170345 48.1813362, 11.5173266 48.1814026, 11.5173761 48.181306, 11.5170839 48.1812396))",München,DE,,,,,,,,,,,https://www.pelkovenschloessl.de/,,,,,,,,,,,,,,,,,,,,,,,,,,,,,,,,,,,,,,,,,,,,,,,,,,,,,,,,,,,,,"[1355165894, 1355165907, 1355165913, 1355165898, 1355165894]",yes,,,,,,,,,,,,,,,,,,,,,,,,,,,,,,,,,,,
way,122000164,53,,Schönstraße,,community_centre,,Ukrainische Griechisch-Katholische Kirche,,,,"POLYGON ((11.5645566 48.1068809, 11.5647097 48.1068191, 11.5645636 48.106658, 11.5644106 48.1067199, 11.5645566 48.1068809))",,,,,,,http://www.ukr-kirche.de/,,,,,,,,,,community_hall,,,,,,,,,,,,,,,,,,,,,,,,,,,,,,,,,,,,,,,,,,,,,,,,,,,,,,,,,"[1364256730, 1364256748, 1364256744, 1364256750, 1364256730]",yes,,2,flat,,,,,,,,,,,,,,,,,,,,,,,,,,,,,,,,
way,123164378,42,81669,Quellenstraße,,community_centre,,Hochbunker Quellenstraße,,,,"POLYGON ((11.5859491 48.1265723, 11.585897 48.126477, 11.5860304 48.1264444, 11.5860825 48.1265397, 11.5859491 48.1265723))",München,DE,,,,,,,,,,,,,,,youth_centre,juvenile,,,,,,,,,,,,,,,,,,,,,,,,,,,,,,,,,,,,,,,,,,,,,,,,,,,,,,,,"[1374358449, 1374358448, 1374358447, 1374358446, 1374358449]",yes,,,,,,,,,,,,,,,,,,,,,,File:Hochbunker_in_München_LS_Sonderbauerk_11_Quellenstr..JPG,,,,,,,,,,,,,
way,123276533,238,81669,Rosenheimer Straße,,community_centre,,Trambahnhäusl,,,,"POLYGON ((11.613834 48.1146272, 11.6139123 48.1146483, 11.6138299 48.1147849, 11.6137516 48.1147639, 11.613834 48.1146272))",München,,,QuarterM gGmbH,+49 152 04811286,,https://www.trambahnhäusl.de/,,,,,,,,,NTTram@quarterM.de,,,,,,,,,,,,,,,,,,,,,,,,,,,,,,,,,,,,,,,,,,,,,,,,,,,,,,,,,,"[1375335081, 1375335094, 1375335095, 1375335083, 1375335081]",yes,,,,,,,,,,,,,,,,,,,,,,,,,,,,,,,,,,,
way,130434512,70,81543,Lohstraße,,community_centre,,Jugendtreff Akku,Tu-Fr 14:30-20:30; Sa 13:00-19:00,,,"POLYGON ((11.5725713 48.1121301, 11.5725399 48.1121392, 11.5725595 48.1121693, 11.5726882 48.112132, 11.5726704 48.1121047, 11.5726105 48.1120128, 11.5725132 48.112041, 11.5725713 48.1121301))",München,DE,,Kreisjugendring München-Stadt,,,https://www.jugendtreff-akku.de/,,,,,,,,,,,juvenile,,,,,,,,,,,,,21,12,,,,,,,,,,,,,,,,,,,,,,,,,,,,,,,,,,,,,,,,,,"[1436618910, 4310417362, 4310417363, 1436618908, 4310417361, 1436618891, 1436618896, 1436618910]",civic,,2,gabled,,,,Q1330682,,,,,,,,,,,,,,,,1,,,,,,,,,,,,
way,139940212,153,81927,Fideliostraße,,community_centre,,SBZ Fideliopark,Mo 12:30-20:00; Tu 12:30-20:00; We 12:30-18:00; Th 12:30-18:00; Fr 12:30-20:00; Sa 13:00-18:00,,yes,"POLYGON ((11.6424554 48.1642803, 11.6429436 48.1642302, 11.6426437 48.1633858, 11.6424405 48.1634289, 11.6423348 48.163452, 11.642206 48.1636774, 11.6424554 48.1642803))",München,,,Kreisjugendring München,,,https://www.sbz-fideliopark.de/,,,,,,,,,info@sbz-fideliopark.de,,juvenile,,fence,,wlan,,,,,,,,,,,,,,,,2023-03-15,,,,,,,,,,,,,,,,,,,,,,,,,,,,,,,,,,,,"[1533391415, 1533391418, 1533391419, 7113944250, 1533391417, 1533391416, 1533391415]",,,,,,,,,,,,,,,,,,,,,,,,,,,,,,,,,,,,
way,140088748,156,81925,Oberföhringer Straße,,community_centre,,Bürgerpark Oberföhring,24/7,,yes,"POLYGON ((11.6238338 48.1664522, 11.624543 48.1662347, 11.6247942 48.1665366, 11.6249453 48.1665196, 11.6252958 48.1664801, 11.625632 48.1664423, 11.6264627 48.1663867, 11.6269514 48.1663113, 11.6245725 48.1637675, 11.6241743 48.1639384, 11.6223231 48.1647332, 11.6232506 48.1658135, 11.6233204 48.1658493, 11.6233885 48.1658656, 11.6234599 48.1658636, 11.6235924 48.1660016, 11.6235403 48.1660425, 11.6235135 48.1660962, 11.6238338 48.1664522))",München,DE,,,,,,,,,+49 89-98 11 15,+49 89-95 31 25,,,survey by BenE München,,,,,,,,,,,,,,,,,,,,,,,,,,,,,,,,,,,,,,Q1021371,de:Bürgerpark Oberföhring,,,,,,,,,,,,,,,,,,,,"[1534863202, 1534864150, 2503244803, 2503244801, 3629385719, 2503244798, 2503244796, 1534863214, 1534863197, 2503244749, 1534863206, 1534863210, 1534863208, 1534863200, 1534863213, 1534863195, 1534863212, 1534863204, 1534863202]",,,,,,,,,,,,,,,,,,,,,,,,,,,,,,,,,,,,
way,141529564,27,80686,Mathunistraße,,community_centre,,Evang.-Luth. Paul-Gerhardt-Kirche,,,,"POLYGON ((11.4988783 48.1383554, 11.4986104 48.1383658, 11.498617 48.1384411, 11.4988849 48.1384306, 11.4988783 48.1383554))",München,DE,,,,,,,,,,,,,,,,,,,,,,,,,,,,,,,,,,,,,,,,,,,,,,,,,,,,,,,,,,,,,,,,,,,,,,,,"[1549136107, 1549136118, 1549136207, 1549136183, 1549136107]",yes,,3,gabled,,,,,,,,,,,,,,,,,,,,,,,,,,,,,,,,
way,142062414,10,81243,Paosostraße,,community_centre,,PAOSO,,,,"POLYGON ((11.4508743 48.1446041, 11.4510471 48.1446274, 11.4510888 48.1444885, 11.4511141 48.1444041, 11.4510823 48.1443999, 11.4509383 48.1443805, 11.4508743 48.1446041))",München,,,,,,https://www.paoso.de/,,,,,,,,,,,,,,,,,,,,,,,,,,,,,,,,,,,,,,,,,,,,,,,,,,,,,,,,,,,,,,,,,,,"[1554854651, 1554854666, 1554854609, 1554854586, 1554854585, 1554854582, 1554854651]",civic,,2,half-hipped,11,,,,,,,,,,,,,,,,,,,,5,,,,,,,,,,,
way,145739838,2,80937,Neuherbergstraße,,community_centre,,Türkisches Aleviten Kulturzentrum,,,,"POLYGON ((11.5866952 48.2107311, 11.5866724 48.2106188, 11.5863665 48.2106464, 11.586386 48.2107428, 11.5864089 48.2107407, 11.5864195 48.2107928, 11.5865122 48.2107845, 11.5865017 48.2107328, 11.5866065 48.2107233, 11.5866097 48.2107389, 11.5866952 48.2107311))",,,,,+49 89 3 56 17 45,,,,,,,,,,Bing,,,,,,,,,,,,,,,,,,,,,,,,,,,,,,,,,,,,,,,,,,,,,,,,,,,,,,,,,,,"[1590946925, 1590946913, 1590946906, 1590946940, 1590946917, 1590946910, 1590946929, 1590946921, 1590946900, 1590946903, 1590946925]",yes,,1,,,,,,,,,,,,,,,,,,,,,1,,,,,,,,,,,,
way,162387224,39,81476,Züricher Straße,,community_centre,,Treibhaus,,,,"POLYGON ((11.4986173 48.0946736, 11.4986521 48.0947936, 11.4983785 48.0948276, 11.4983169 48.0947972, 11.4982578 48.0946162, 11.4984376 48.0945929, 11.498451 48.0946377, 11.4984295 48.0946413, 11.4984429 48.0946736, 11.4984814 48.0946911, 11.4985017 48.0947005, 11.4985502 48.0946969, 11.4985502 48.0946825, 11.4986173 48.0946736))",München,,,schule beruf e.V.,,,https://www.treibhausmuenchen.de/,,,,,,,,,,,juvenile,,,,,,,,,,,,,,,,,,,,2022-03-16,,,,,,,,,,,,,no,,,,,,,,,,,,,,,,,,,,,,,"[1742954837, 1742954835, 1742954831, 1742954860, 1742954850, 1742954849, 1742954851, 1742954858, 1742954853, 2651989918, 1742954827, 1742954829, 1742954833, 1742954837]",yes,,1,flat,,grey,,,,,#B0B0E0,,,,,,,,,,,,,,,,,,,,,,,,,
way,175001729,,,,,community_centre,,pfiffTEEN,,,,"POLYGON ((11.4859923 48.1220859, 11.4855011 48.1220922, 11.4855041 48.1221976, 11.4859953 48.1221913, 11.4859944 48.1221602, 11.4859923 48.1220859))",,,,Kreisjugendring München-Stadt,,,,,,,,,,,,,youth_centre,child;juvenile,public,,,,,,,,,,,,,,,,,,,,,,,,,,,,,,,,,,,,,,,,,,,,,,,,,,,,,,,"[1856463340, 1856463342, 1856463350, 1856463348, 2535445531, 1856463340]",yes,,,,,,,Q1330682,,,,,,,,,,,,,,,,,,,,,,,,,,,,
way,184159618,6,80802,Gohrenstraße,,community_centre,,Jugendzentrum,,,,"POLYGON ((11.5917603 48.1630332, 11.5915326 48.1630821, 11.5914219 48.1631059, 11.5914627 48.1631905, 11.5918012 48.1631178, 11.5917603 48.1630332))",München,DE,,,,,https://www.kjr-m.de/freizeiteinrichtungen/jugendtreff-am-biederstein/,,,,,,,,,,,juvenile,,,,,,,2023-03-18,,,,,,,,,,,,,,,,,,,,,,,,,,,,,,,,,,,,,,,,,,,,,,,,,"[1946061322, 1946061316, 1946061318, 1946061332, 1946061312, 1946061322]",yes,,,,,,,,,,,,,,,,,,,,,,,,,,,,,,,,,,,
way,186381362,401,80995,Feldmochinger Straße,,community_centre,,Pfarrheim St. Peter und Paul,,,,"POLYGON ((11.5274394 48.2157725, 11.5278495 48.2158009, 11.5278634 48.2157116, 11.5279799 48.2157196, 11.5280155 48.2154912, 11.5278314 48.2154784, 11.5277951 48.2157113, 11.5274526 48.2156876, 11.5274394 48.2157725))",München,,,Pfarrei St. Peter und Paul,,,https://www.pv-pacem.de/st-peter-und-paul/st-peter-und-paul,,,,,,,,,,,,,,,,,,,,,,,,,,,,,,,,,,,,,,,,,,,,,,,,,,,,,,,,,,,,,,,,,,,"[1970616979, 1970617019, 1970616974, 1970616990, 1970617025, 1970616977, 1970616986, 1970616980, 1970616979]",yes,,,,,,,,,,,,,,,,,,,,,,,,,"Mo,We 09:00-11:00; Th 16:00-18:00; PH We 09:00-11:00",,,,,,,,,,
way,203094998,11,81825,Hälblingweg,,community_centre,,Pfarrheim St. Augustinus,,,yes,"POLYGON ((11.6547772 48.116996, 11.6548453 48.11708, 11.6548623 48.1171016, 11.6549043 48.1171561, 11.6548786 48.1171649, 11.6547466 48.1172113, 11.654675 48.1171204, 11.6545689 48.1171577, 11.6545141 48.1170882, 11.6545647 48.1170704, 11.6547772 48.116996))",,,,,,,,,,,,,,,,,,,,,,,,,,,,,,,,,,,,,,,,,,,,,,,,,,,,,,,,,,,,,,,,,,,,,,,,,,"[2130614472, 5222002679, 2950350796, 2130614479, 5222002680, 2130614484, 2130614477, 2130614482, 2130614475, 5911876270, 2130614472]",parish_hall,,,,,,,,,,,,,,,,,,,,,,,,,,,,,,,,,,,
way,238868501,1,80636,Rainer-Werner-Fassbinder-Platz,,community_centre,,Freiheitshalle,,,yes,"POLYGON ((11.5367779 48.1439445, 11.5367408 48.1437264, 11.5367331 48.1436811, 11.5367239 48.1436276, 11.5365158 48.1436433, 11.5365208 48.1436727, 11.5365326 48.1437422, 11.5365697 48.1439603, 11.5367779 48.1439445))",München,DE,,FHH-Veranstaltungs-und-Technik GmbH,+49 89 12470885,,https://www.freiheitshalle-munich.com/,,,,,,,,,hello@freiheitshalle-munich.com,,,business,,,,,,,,,,,,,,,,,,,,,,,,,international,,,,,,,no,,,,,,,,,,,,,,,,Freiheizhalle,,,,,,,"[2466670056, 5140110836, 2475837579, 303199405, 303199406, 303199407, 5140110837, 2466670057, 2466670056]",retail,,1,,,,,,,,,,,,,,,,,,,,,,,,Hofbräu;Weihenstephan;Bitburger,1,,,,,,,,
way,247441062,4,,Rudolf-Vogel-Bogen,,community_centre,,Freizeitforum COME IN,,,yes,"POLYGON ((11.6448826 48.0927814, 11.6448603 48.0924014, 11.6448337 48.0923823, 11.6440215 48.0923824, 11.6437713 48.0923245, 11.6436522 48.0924215, 11.6436321 48.0924833, 11.6437192 48.0926732, 11.6438037 48.0926499, 11.6438748 48.0927995, 11.643987 48.092819, 11.6441136 48.0928685, 11.6441864 48.0929434, 11.6448826 48.0927814))",München,DE,,Kreisjugendring München-Stadt,,,,,,come.in@kjr-m.de,+49 89 61372820,+49 89 6137280,https://come-in-neuperlach.de/,,,,youth_centre,child;juvenile,,,,,,,,,,,,,,,,,,,,,,,,,,,,,,,,,,,,,,,,,,,,,,,,,,,,,,,,"[2543206191, 2543206139, 2543206137, 2543206133, 2543206130, 2543206141, 2543206144, 2543206174, 2543206170, 2543206183, 2543206185, 2543206187, 2543206189, 2543206191]",,,,,,,,Q1330682,,,,,,,,,,,,,,,,,,,,,,,,,,,,
way,290301819,3,81829,Platz der Menschenrechte,,community_centre,,Ökumenisches Kirchenzentrum Riem,,,yes,"POLYGON ((11.6919533 48.1310031, 11.6921899 48.1310032, 11.6921902 48.1307906, 11.6919573 48.1307904, 11.6919575 48.1306442, 11.691968 48.1306442, 11.6923676 48.1306444, 11.692367 48.1311197, 11.6919532 48.1311195, 11.6919533 48.1310031))",München,DE,,,,,,,,,,,,,,,,,,,,,,,,,,,,,,,,,,,,2022-10-16,,,,,,,,,,,,,no,,,,,,,,,,,,,,,,,,,,,,,"[2319376615, 2938572304, 2938572306, 2938572301, 2938572303, 5966116568, 2319376593, 2319376627, 2319376626, 2319376615]",yes,,,,,,,,,,,,,,,,,,,,,,,,,,,,,,,,,,,
way,291564425,92,81825,Bajuwarenstraße,,community_centre,,Nachbarschaftstreff Trudering,"Mo,Tu 10:00-13:00; Th 16:30-18:30",,yes,"POLYGON ((11.6602453 48.1188534, 11.6604393 48.1187927, 11.6605368 48.1189314, 11.6603574 48.1189876, 11.6603428 48.1189921, 11.6602453 48.1188534))",München,,,,+49 89 43665780,,https://www.nt-trudering.de/,,,,,,,,,,,,,,,,,,,,,,,,,,,,,,,,,,,,,,,,,,,,,,,,,,,,,,,,,,,,,,,,,,,"[2950304041, 2950304044, 2950304036, 7801578506, 2950304043, 2950304041]",yes,,,,,,,,,,,,,,,,,,,,,,,,,,,,,,,,,,,
way,329937067,,,,,community_centre,,Stattpark OLGA,,,,"POLYGON ((11.5340901 48.1090309, 11.5340946 48.1092317, 11.534098 48.1093812, 11.5340401 48.1093848, 11.5338952 48.1093958, 11.5334354 48.1094305, 11.5333714 48.1100281, 11.5330308 48.1100061, 11.5331071 48.1090349, 11.5331114 48.1089797, 11.5333278 48.108991, 11.5333246 48.1090344, 11.5333699 48.109036, 11.5334063 48.1090372, 11.5334078 48.1090171, 11.5334095 48.1089953, 11.5340901 48.1090309))",,,,,,,https://olga089.de/,,,,,,,,,,,,,,,,,,,,,,,,,,,,,,,2022-08-27,,,,,,,,,,,,,no,,,,,,,,,,,,,,,,,,,,,,,"[1132349390, 6397330444, 1677556140, 6402232439, 6402232431, 648871244, 6402232440, 1397076501, 6402232430, 706410476, 6402232438, 6402232435, 6031802792, 6402232436, 6402232434, 6402232437, 1132349390]",,,,,,,,,,,,,,,,,,,,,,,,,,,,,residential,caravan_settlement,,,,,,
way,363805324,80,80336,Schwanthalerstraße,,community_centre,,EineWeltHaus,"off ""COVID-19""",,limited,"POLYGON ((11.5528433 48.1381055, 11.5528416 48.1380422, 11.5528412 48.1380349, 11.5528402 48.1380043, 11.5528394 48.1379773, 11.5528389 48.1379604, 11.552838 48.1379333, 11.5528377 48.1379235, 11.5528376 48.1379177, 11.5528365 48.1378824, 11.5528357 48.1378582, 11.5528347 48.1378408, 11.5528346 48.1378219, 11.5528343 48.1378125, 11.5528343 48.1378116, 11.5528335 48.1377862, 11.5528332 48.1377767, 11.5528324 48.1377506, 11.552879 48.13775, 11.5528803 48.13775, 11.5529065 48.1377497, 11.5529068 48.1377497, 11.5529226 48.1377494, 11.5529247 48.1377494, 11.5529827 48.1377487, 11.5530264 48.1377483, 11.5530282 48.1377927, 11.553028 48.1378384, 11.5530314 48.1379002, 11.5530313 48.1379106, 11.5530321 48.1379223, 11.5530324 48.1379315, 11.5530327 48.1379422, 11.5530331 48.1379543, 11.5530357 48.1380209, 11.5530361 48.1380322, 11.5530356 48.138039, 11.5530364 48.1380637, 11.5530366 48.1380702, 11.5530368 48.1380765, 11.5530371 48.1380859, 11.5530376 48.1381029, 11.5529522 48.138104, 11.5529383 48.1381042, 11.5529381 48.1381042, 11.552931 48.1381043, 11.5528433 48.1381055))",München,DE,,Trägerkreis EineWeltHaus München e.V.,+49 89 8563 750,,https://www.einewelthaus.de/,,,,,,,,,,,,,,,wlan,,,,,,,,,,,,,,,,,,,,,,,,,,,,,,,Q1306250,,,,,,,,,,,,,,,,,,,,,"[3679340334, 6961636098, 6961582109, 6961582106, 6961582105, 6961593997, 6961581890, 6961640096, 6961624392, 6961593989, 6961636792, 6961582099, 6961636089, 6961624222, 6961636791, 6961547986, 6961624395, 1146756761, 6961624223, 6961623901, 6961624216, 6961624217, 6961624087, 6961635989, 1146756699, 1146756710, 6961623893, 6961547994, 6961593986, 6961593990, 6961582095, 6961582103, 6961624215, 6961640098, 6961623789, 6961582093, 6961547995, 6961594004, 6961582092, 6961582113, 6961582091, 3679340329, 6961624094, 6961582110, 6961624202, 6961623899, 3679340334]",civic,,3,,,,,,,,,,,,,,,,,,,EineWeltHaus,,0,,,,,,,1,no,,,,
way,391208571,33,80807,Torquato-Tasso-Straße,Tasso,community_centre,,Kinder- und Jugendtreff Milbertshofen,"Tu-Th, Sa 13:00-18:00; Fr 13:00-18:30",,,"POLYGON ((11.5797461 48.1795382, 11.5799719 48.1795312, 11.5804855 48.1801989, 11.5804755 48.1802386, 11.5804418 48.1802676, 11.5802812 48.180306, 11.5798581 48.1803488, 11.5797461 48.1795382))",München,DE,,Kreisjugendring München-Stadt,,,https://www.tasso33.de/,,,,,,,,,,youth_centre,child;juvenile,,,,,,,,,,,,,15,6,,,,,,,,,,,,,,,,,,,,,,,,,,,,,,,,,,,,,,,,,,"[3944057680, 3944057677, 3944057744, 3944057745, 3944057746, 3944057749, 2422599428, 3944057680]",,,,,,,,Q1330682,,,,,,,,,,,,,,,,,,,,,,,,,,,,
way,432523000,185,81925,Englschalkinger Straße,,community_centre,,COSI Jugendtreff Cosimapark,,,,"POLYGON ((11.6270076 48.1538882, 11.6269611 48.1538652, 11.6270585 48.1537677, 11.6277482 48.1537584, 11.6280633 48.1537635, 11.6279637 48.153961, 11.6279232 48.1540506, 11.6276362 48.1540004, 11.6275941 48.154129, 11.6271937 48.1540228, 11.6270076 48.1538882))",München,DE,,Kreisjugendring München,,,,,,cosi@kjr-m.de,,+49 89 911114,,,,,,juvenile,,,,,,,,,,,,,,,,,,,,,,,,,,,,,,,,,,,,,,,,,,,,,,,,,,,,,,,,"[1457105591, 4315328473, 4315328472, 4315328470, 4315328471, 1539085547, 4315328479, 4315328477, 1457105595, 4315328478, 1457105591]",,,,,,,,,,,,,,,,,,,,,,,,,,,,,,,,,,,,
way,522613798,28,81735,Kurt-Eisner-Straße,,community_centre,,Bewohnerzentrum Neuperlach,,,,"POLYGON ((11.6515093 48.1060716, 11.6515212 48.1059878, 11.6516178 48.1059305, 11.6517358 48.1058516, 11.6517894 48.1057693, 11.651905 48.1057648, 11.6519052 48.1057552, 11.6526102 48.1057548, 11.6527151 48.1057547, 11.6527274 48.1057547, 11.6527678 48.1057546, 11.6527669 48.1057944, 11.652764 48.1060513, 11.6527631 48.1060843, 11.6521446 48.1060868, 11.6521455 48.1060652, 11.6520432 48.1060665, 11.6519525 48.1060668, 11.6515093 48.1060716))",München,,,Kreisjugendring München-Stadt,,,,,,,,,https://zeitfrei-muenchen.de/,,,,,child;juvenile,,,,,,,,,,,,,,,,,,,,,,,,,,,,,,,,,,,,,,,,,,,,,,,,,,,,,,,,"[5089747322, 2970429458, 2970441655, 2970441648, 2970441633, 2970441650, 270509996, 6411737091, 6411737092, 270509998, 5089747325, 6411737089, 5873255818, 5089747326, 5089747329, 5089747330, 6411828648, 6411828649, 5089747322]",,,,,,,,Q1330682,,,,,,,,,,,,,,,,,,,,,,,,,,,,
way,534082829,,,,,community_centre,,,,,,"POLYGON ((11.5288626 48.0809318, 11.5291375 48.0808655, 11.5292508 48.0810388, 11.5291066 48.0811114, 11.5290389 48.0810617, 11.5290128 48.0810742, 11.5288626 48.0809318))",,,,,,,,,,,,,,,,,club_home,,,,,,,,,,,,,,,,,,,,,,,,,,,,,,,,,,,,,,,,,,,,,,,,,,,,,,,,,"[5180379636, 5180379635, 5180379634, 5180379633, 5180379632, 5180379631, 5180379636]",,,,,,,,,,,,,,,,,,,,,,,,,,,,,,,,,,,,
way,553334286,9,80995,Am Blütenanger,,community_centre,,Pfarrzentrum St. Christoph,,,,"POLYGON ((11.5227062 48.198563, 11.522586 48.198574, 11.5225782 48.1985291, 11.5225669 48.1985305, 11.522523 48.1983104, 11.522662 48.1982997, 11.5226992 48.1985234, 11.5227062 48.198563))",München,,,,,,https://www.pv-pacem.de/st-christoph/st-christoph,,,,,,,,,,,,,,,,,,,,,,,,,,,,,,,,,,,,,,,,,,,,,,,,,,,,,,,,,,,,,,,,,,,"[5341389595, 5341389596, 5341389597, 5341389598, 5341389599, 1036016689, 1036016405, 5341389595]",yes,,1,,,,,,,,,,,,,,,,,,,,,,,,,,,,,,,,,
way,633090766,21,80639,Rosa-Bavarese-Straße,,community_centre,,Treff Mosaik,,,,"POLYGON ((11.5022456 48.1458694, 11.5022907 48.145865, 11.5023602 48.1458583, 11.50239 48.1458554, 11.5023615 48.145725, 11.5022172 48.145739, 11.5022456 48.1458694))",München,,,Treff Mosaik - AG Buhlstrasse e.V.,,,https://treff-mosaik.de/,,,,,,,,,,,,,,,,,,,,,,,,,,,,,,,,,,,,,,,,,,,,,,,,,,,,,,,,,,,,,,,,,,,"[5976433159, 5976433156, 2695106665, 5976433157, 5976433152, 5976433158, 5976433159]",civic,,3,flat,11,,,,,,#D3D3D3,,,,,,,,,,,,,,,,,,,,,,,,,
way,705670276,48,81671,Echardinger Straße,,community_centre,,Kinder- und Jugendtreff BaLI,"Mo 16:00-20:00 open ""für alle""; Tu 16:00-18:00 open ""nur für Mädchen""; Tu 18:00-22:00 open ""für alle""; We 16:00-20:00 open ""für alle""; Th 17:00-19:00 open ""nur für Jungen""; Fr 14:00-20:00 open ""für alle""; Sa open ""14-tägige Angebote""; Su closed; PH closed",,yes,"POLYGON ((11.6230708 48.1216828, 11.6232508 48.1216842, 11.6233232 48.1216848, 11.6233181 48.1219706, 11.6230657 48.1219686, 11.6230708 48.1216828))",München,DE,,AKA e.V.,,,https://aka-muenchen.de/kinder-und-jugendtreff-bali/,,,bali@aka-muenchen.de,+49 89 4483045,+49 89 484542,,,,,youth_centre,juvenile,,fence,,,,,,,,,,,,,,,,,,,,,,,,,,,,,,,,,,,,,,,,,,,,,,+49 176 43216204,,,,,,,,"[6630653817, 6638744568, 6630653814, 6630653810, 10168951003, 6630653817]",,,,,,,,,,,,,,,,,,,,,,,,,,,,,,,,,,,,
way,818534716,,,,,community_centre,,Haus für Kinder und offene Einrichtung für Teenies und Jugendliche,,,,"POLYGON ((11.4746587 48.1486659, 11.4746543 48.1484742, 11.4747321 48.1484734, 11.4747298 48.1483752, 11.4750367 48.1483703, 11.4750393 48.1483027, 11.4752989 48.1483, 11.4753052 48.1484953, 11.4750849 48.1484991, 11.4750839 48.1485177, 11.4751027 48.1485184, 11.4751098 48.1486123, 11.474812 48.1486168, 11.4748114 48.1486611, 11.4746587 48.1486659))",,,,Kreisjugendring München-Stadt,,,,,,,,,,,,,,juvenile;child,,,,,,,,,,,,,,,,,,,,,,,,,,,,,,,,,,,,,,,,,,,,,,,,,,,,,,,,"[7644148300, 7644148299, 7644148298, 7644148297, 7644148296, 7644148295, 7644148294, 7644148293, 7644148292, 9442802414, 9442802413, 7644148291, 7644148290, 7644148289, 7644148300]",kindergarten,,2,flat,,,,,,,,,,,,,,,,,,,,,,,,,,,,,7,2021-01,,
relation,1959597,,,,,community_centre,,Dominikuszentrum,,,,"POLYGON ((11.5691182 48.2102516, 11.5697615 48.2103688, 11.569966 48.2098701, 11.5693226 48.209753, 11.5691182 48.2102516), (11.5696517 48.2102525, 11.5693544 48.2101973, 11.5694734 48.2099126, 11.5697707 48.2099678, 11.5696517 48.2102525))",,,,,,,,,,,,,,"Kath. Gemeindezentrum (Caritas, Andachtsraum, Kindergarten)",,,,,,,,,,,,,,,,,,,,,,,,,,,,,,,,,,,,,,,Q23562782,,,,,,,,,,,,,,,,,,,,,"[[[1583429729, 393188613, 393188614, 393188615, 1583429729], [1583434976, 1583434983, 1583434972, 1583434974, 1583434976]]]",yes,,,,,,,,,,,,,,,,,,,,,,,,,,,,,,,,,,"[34291512, 144846004]",multipolygon
